{
    "source_type": 32.748312,
    "session_duration_seconds_v2": 25.706507,
    "session_unique_products_v2": 6.827296,
    "hour_of_day_cos_v2": 2.794832,
    "session_length_v2": 1.997673,
    "product_total_purchases": 0.918191,
    "hour_of_day_sin_v2": 0.718973,
    "product_embed_5": 0.620610,
    "product_unique_users": 0.555592,
    "cf_score": 0.544662,
    "purchases_view_ratio_u_s_6mo": 0.544113,
    "bpr_popular_score": 0.539252,
    "cat_embed_1": 0.519629,
    "product_embed_1": 0.424482,
    "cat_embed_2": 0.417448,
    "purchases_view_ratio_u_c_source_1y": 0.409623,
    "puresvd_cf_score": 0.376278,
    "views_u_p_source_1y": 0.375366,
    "session_unique_stores_v2": 0.374510,
    "purchases_view_ratio_u_p_source_1y": 0.371145,
    "product_embed_16": 0.353625,
    "product_embed_2": 0.351745,
    "cat_embed_18": 0.345663,
    "mean_interval_days": 0.343622,
    "cat_embed_19": 0.339206,
    "product_embed_12": 0.330798,
    "cat_embed_0": 0.317190,
    "interaction_trend": 0.312057,
    "cat_embed_3": 0.302744,
    "product_embed_9": 0.299168,
    "product_embed_13": 0.294677,
    "purchases_u_p_6mo": 0.291653,
    "product_embed_7": 0.277661,
    "cat_hour_relevance": 0.276707,
    "avg_purchase_hour": 0.271066,
    "cluster_view_ratio": 0.269815,
    "product_embed_15": 0.267096,
    "cat_std_purchase_hour": 0.266399,
    "views_u_c_source_1y": 0.260875,
    "cat_embed_9": 0.260862,
    "purchases_view_ratio_u_p_1y": 0.259230,
    "purchases_view_ratio_u_c_1y": 0.253186,
    "clicks_u_s_1y": 0.248024,
    "product_embed_17": 0.242074,
    "cat_embed_10": 0.241885,
    "ctr_u_s_6mo": 0.235620,
    "clicks_u_s_1w": 0.229793,
    "views_u_s_1mo": 0.228626,
    "cat_embed_5": 0.219408,
    "store_total_views": 0.212668,
    "store_total_purchases": 0.211975,
    "product_embed_8": 0.207483,
    "npmi_cf_score": 0.204697,
    "purchases_view_ratio_u_s_1w": 0.201340,
    "purchases_view_ratio_u_p_6mo": 0.200009,
    "product_embed_4": 0.197937,
    "purchases_view_ratio_u_s_3mo": 0.194937,
    "interactions_u_p_source_1y": 0.193957,
    "product_embed_0": 0.190076,
    "cat_embed_7": 0.189617,
    "product_text_cluster": 0.187820,
    "store_unique_products": 0.186471,
    "cat_embed_6": 0.185658,
    "cat_embed_8": 0.183060,
    "product_embed_11": 0.181990,
    "purchases_view_ratio_u_p_1mo": 0.177242,
    "ctr_u_s_1w": 0.177127,
    "cat_embed_12": 0.176998,
    "ctr_u_s_1y": 0.175419,
    "product_embed_19": 0.172486,
    "views_u_p_source_1mo": 0.170973,
    "city_total_views": 0.167646,
    "product_embed_10": 0.167489,
    "user_unique_products": 0.167410,
    "user_total_views": 0.165954,
    "cluster_cart_ratio": 0.165885,
    "user_total_interactions": 0.160856,
    "days_since_interaction_u_p": 0.158906,
    "clicks_u_s_3mo": 0.157669,
    "user_total_purchases": 0.155521,
    "cat_embed_15": 0.155266,
    "ctr_u_c_1y": 0.154008,
    "cat_avg_purchase_hour": 0.153550,
    "product_embed_3": 0.152431,
    "ctr_u_s_3mo": 0.152085,
    "cat_embed_4": 0.151731,
    "svd_cf_score": 0.148292,
    "user_store_purchase_cross": 0.147922,
    "user_product_purchase_cross": 0.143482,
    "views_u_p_1y": 0.142865,
    "product_embed_6": 0.135866,
    "cat_embed_16": 0.135398,
    "cat_purchase_trend": 0.134945,
    "purchases_view_ratio_u_s_1y": 0.133870,
    "purchases_u_s_6mo": 0.131390,
    "product_embed_14": 0.128634,
    "ctr_u_s_1mo": 0.123634,
    "cat_embed_11": 0.122406,
    "hour_relevance": 0.122291,
    "views_u_p_source_6mo": 0.120442,
    "interactions_u_p_1y": 0.118258,
    "day_of_week_cos_v2": 0.114166,
    "relative_diversity": 0.112033,
    "product_embed_18": 0.110157,
    "views_u_c_3mo": 0.108530,
    "views_u_p_6mo": 0.106915,
    "views_u_s_3mo": 0.105963,
    "cat_interaction_trend": 0.105614,
    "cat_embed_14": 0.104251,
    "distance_from_centroid": 0.100700,
    "interactions_u_p_6mo": 0.099570,
    "cat_embed_13": 0.098818,
    "clicks_u_s_6mo": 0.098371,
    "purchases_u_s_3mo": 0.092540,
    "interactions_u_p_3mo": 0.090236,
    "views_u_c_source_1mo": 0.087586,
    "purchases_view_ratio_u_c_6mo": 0.087265,
    "interactions_u_c_source_1y": 0.086769,
    "ctr_u_c_1mo": 0.086510,
    "user_product_store_cross": 0.084748,
    "days_since_interaction_u_s": 0.084361,
    "cat_embed_17": 0.083843,
    "purchases_view_ratio_u_p_3mo": 0.083211,
    "ctr_u_c_6mo": 0.082505,
    "views_u_c_6mo": 0.081707,
    "interactions_u_c_1y": 0.080578,
    "count_purchase_u_s": 0.079874,
    "clicks_u_s_1mo": 0.077648,
    "purchases_view_ratio_u_p_1w": 0.076226,
    "cat_most_common_purchase_day": 0.073576,
    "views_u_s_1w": 0.071117,
    "interactions_u_c_6mo": 0.071004,
    "store_total_interactions": 0.068978,
    "city_total_interactions": 0.068115,
    "product_total_views": 0.066955,
    "interactions_u_c_1mo": 0.066434,
    "views_u_c_1y": 0.063086,
    "views_u_c_source_3mo": 0.062979,
    "day_of_week_sin_v2": 0.060113,
    "interactions_u_s_1w": 0.059292,
    "purchases_u_s_1y": 0.054789,
    "purchases_u_p_1y": 0.054144,
    "clicks_u_c_6mo": 0.053972,
    "views_u_s_1y": 0.053675,
    "interactions_u_s_6mo": 0.053511,
    "std_purchase_hour": 0.052836,
    "purchases_u_c_source_1y": 0.052824,
    "purchases_view_ratio_u_c_1mo": 0.050295,
    "views_u_p_source_3mo": 0.048196,
    "most_common_purchase_day": 0.047000,
    "purchases_view_ratio_u_p_source_1w": 0.046829,
    "interactions_u_s_3mo": 0.045638,
    "purchases_view_ratio_u_s_1mo": 0.044939,
    "interactions_u_p_1mo": 0.044921,
    "product_total_interactions": 0.044474,
    "views_u_c_1mo": 0.043052,
    "purchases_view_ratio_u_c_3mo": 0.042688,
    "purchases_view_ratio_u_p_source_6mo": 0.041905,
    "interactions_u_c_1w": 0.041589,
    "purchases_u_p_1mo": 0.041106,
    "purchases_u_p_3mo": 0.040926,
    "views_u_s_6mo": 0.040788,
    "interactions_u_c_source_1mo": 0.039782,
    "interactions_u_c_3mo": 0.039514,
    "city_name": 0.037675,
    "clicks_u_c_1y": 0.036466,
    "count_purchase_u_p": 0.034890,
    "purchases_view_ratio_u_c_1w": 0.034712,
    "interactions_u_p_source_1mo": 0.033956,
    "city_unique_stores": 0.030203,
    "views_u_p_3mo": 0.030186,
    "clicks_u_c_3mo": 0.029768,
    "ctr_u_c_source_1mo": 0.029650,
    "purchases_u_c_6mo": 0.029394,
    "purchases_u_c_1mo": 0.028962,
    "ctr_u_c_source_1y": 0.027105,
    "views_u_p_1w": 0.025598,
    "city_total_purchases": 0.024504,
    "purchases_view_ratio_u_c_source_6mo": 0.023050,
    "purchases_u_c_3mo": 0.022715,
    "views_u_c_source_6mo": 0.022622,
    "ctr_u_c_1w": 0.022134,
    "purchases_u_s_1w": 0.021887,
    "purchases_view_ratio_u_p_source_1mo": 0.020724,
    "ctr_u_c_3mo": 0.019084,
    "purchases_u_p_1w": 0.019060,
    "views_u_c_1w": 0.017949,
    "purchases_view_ratio_u_c_source_1w": 0.017161,
    "views_u_p_1mo": 0.017127,
    "views_u_p_source_1w": 0.016594,
    "views_u_c_source_1w": 0.015961,
    "day_of_week_relevance": 0.015202,
    "ctr_u_p_1y": 0.014688,
    "purchases_u_p_source_1y": 0.014407,
    "user_segment": 0.014124,
    "interactions_u_c_source_3mo": 0.014073,
    "purchases_view_ratio_u_c_source_1mo": 0.013390,
    "clicks_u_c_source_3mo": 0.013276,
    "interactions_u_p_source_6mo": 0.013256,
    "interactions_u_s_1y": 0.013216,
    "purchases_u_s_1mo": 0.012894,
    "interactions_u_s_1mo": 0.012377,
    "ctr_u_p_1mo": 0.011892,
    "purchases_u_c_source_3mo": 0.010827,
    "purchases_view_ratio_u_p_source_3mo": 0.010745,
    "ctr_u_p_1w": 0.010665,
    "interactions_u_p_source_3mo": 0.010487,
    "cat_day_of_week_relevance": 0.010381,
    "purchases_u_c_1w": 0.009465,
    "purchases_u_p_source_6mo": 0.007713,
    "clicks_u_c_source_1mo": 0.007371,
    "interactions_u_c_source_1w": 0.007054,
    "purchases_u_p_source_3mo": 0.006934,
    "interactions_u_c_source_6mo": 0.006895,
    "purchases_u_c_source_6mo": 0.006833,
    "ctr_u_p_source_1mo": 0.006231,
    "is_russian_holiday": 0.005692,
    "ctr_u_p_3mo": 0.005417,