{
"session_duration_seconds_v2": 34.699214,
"source_type": 28.756725,
"session_unique_products_v2": 11.094275,
"session_length_v2": 1.968416,
"session_unique_stores_v2": 1.026158,
"bpr_popular_score": 0.773342,
"purchases_view_ratio_u_p_1y": 0.733973,
"product_total_purchases": 0.582718,
"product_embed_1": 0.564106,
"purchases_view_ratio_u_s_1y": 0.546431,
"hour_of_day_sin_v2": 0.460576,
"cat_embed_18": 0.453753,
"product_embed_12": 0.431691,
"puresvd_cf_score": 0.419249,
"product_embed_5": 0.395379,
"purchases_view_ratio_u_c_source_1y": 0.394632,
"hour_of_day_cos_v2": 0.377454,
"purchases_u_p_6mo": 0.375394,
"views_u_p_source_1y": 0.370813,
"purchases_view_ratio_u_c_1y": 0.366052,
"cat_std_purchase_hour": 0.356035,
"cat_embed_2": 0.355639,
"cat_embed_1": 0.355326,
"cf_score": 0.351490,
"purchases_view_ratio_u_p_source_1y": 0.335148,
"product_unique_users": 0.307347,
"product_embed_2": 0.303248,
"mean_interval_days": 0.297747,
"cat_embed_19": 0.293259,
"product_embed_17": 0.286043,
"product_embed_10": 0.278910,
"cat_avg_purchase_hour": 0.267176,
"avg_purchase_hour": 0.217727,
"purchases_view_ratio_u_p_6mo": 0.212894,
"interactions_u_p_1y": 0.189965,
"cat_embed_9": 0.186056,
"product_embed_18": 0.179377,
"store_total_interactions": 0.174823,
"cat_purchase_trend": 0.169521,
"views_u_p_source_1mo": 0.167835,
"cat_hour_relevance": 0.161047,
"cat_embed_8": 0.157497,
"product_text_cluster": 0.157046,
"product_embed_3": 0.155708,
"cat_embed_15": 0.155309,
"product_embed_6": 0.154041,
"store_total_purchases": 0.147187,
"product_embed_9": 0.142573,
"product_embed_14": 0.141873,
"cluster_view_ratio": 0.138958,
"cat_embed_3": 0.136937,
"views_u_c_6mo": 0.133578,
"svd_cf_score": 0.130039,
"interactions_u_c_1y": 0.130004,
"product_embed_16": 0.128256,
"interaction_trend": 0.127436,
"product_embed_7": 0.127171,
"product_embed_0": 0.126647,
"cat_embed_5": 0.124237,
"user_unique_products": 0.124161,
"purchases_view_ratio_u_s_6mo": 0.124058,
"product_embed_11": 0.121996,
"cat_embed_12": 0.118708,
"cat_embed_0": 0.116400,
"cat_embed_11": 0.116233,
"purchases_u_p_1mo": 0.115810,
"day_of_week_sin_v2": 0.115787,
"ctr_u_s_1y": 0.113666,
"cat_embed_4": 0.113329,
"ctr_u_c_1y": 0.110207,
"product_embed_15": 0.109059,
"ctr_u_c_6mo": 0.106627,
"user_product_purchase_cross": 0.105970,
"views_u_c_1y": 0.102676,
"product_embed_19": 0.101286,
"product_total_views": 0.099330,
"cat_embed_6": 0.097549,
"ctr_u_s_3mo": 0.096780,
"cat_embed_17": 0.096321,
"purchases_u_c_source_1y": 0.095789,
"city_name": 0.095505,
"cat_embed_13": 0.095177,
"purchases_view_ratio_u_s_1w": 0.093567,
"city_unique_stores": 0.091244,
"purchases_u_c_6mo": 0.090199,
"npmi_cf_score": 0.089574,
"store_unique_products": 0.088718,
"purchases_view_ratio_u_c_3mo": 0.088378,
"cat_embed_10": 0.087845,
"ctr_u_s_1w": 0.087696,
"cat_most_common_purchase_day": 0.085149,
"cat_embed_7": 0.084155,
"distance_from_centroid": 0.081431,
"purchases_view_ratio_u_c_6mo": 0.080496,
"cat_interaction_trend": 0.076925,
"ctr_u_s_6mo": 0.074833,
"purchases_view_ratio_u_c_1w": 0.073715,
"views_u_c_source_6mo": 0.073471,
"interactions_u_p_6mo": 0.072837,
"views_u_p_source_6mo": 0.072402,
"product_embed_8": 0.071037,
"views_u_s_1mo": 0.070739,
"product_embed_4": 0.070430,
"purchases_view_ratio_u_p_1mo": 0.067796,
"views_u_c_source_3mo": 0.067674,
"user_total_views": 0.067381,
"purchases_view_ratio_u_p_1w": 0.067297,
"ctr_u_c_1mo": 0.065932,
"views_u_c_source_1mo": 0.064966,
"views_u_p_source_3mo": 0.064943,
"purchases_view_ratio_u_c_source_6mo": 0.064445,
"interactions_u_p_source_1y": 0.064359,
"views_u_s_1w": 0.064205,
"std_purchase_hour": 0.063249,
"city_total_interactions": 0.062979,
"cluster_cart_ratio": 0.059742,
"purchases_u_s_1y": 0.058593,
"interactions_u_s_6mo": 0.058243,
"purchases_view_ratio_u_p_source_1w": 0.057318,
"views_u_c_3mo": 0.057001,
"views_u_s_6mo": 0.055666,
"cat_embed_16": 0.055300,
"views_u_c_source_1y": 0.052511,
"user_total_interactions": 0.049188,
"count_purchase_u_p": 0.049017,
"clicks_u_s_1y": 0.049012,
"city_total_purchases": 0.048837,
"hour_relevance": 0.048048,
"purchases_view_ratio_u_s_3mo": 0.047939,
"views_u_p_1y": 0.046296,
"ctr_u_p_source_6mo": 0.046259,
"views_u_c_1w": 0.044187,
"product_total_interactions": 0.044068,
"interactions_u_p_source_1mo": 0.043236,
"user_product_store_cross": 0.040633,
"interactions_u_c_6mo": 0.039683,
"clicks_u_s_3mo": 0.039125,
"purchases_u_s_6mo": 0.037976,
"ctr_u_p_source_1y": 0.037430,
"purchases_u_p_1y": 0.036919,
"product_embed_13": 0.036610,
"user_total_purchases": 0.035745,
"purchases_view_ratio_u_c_source_3mo": 0.034655,
"views_u_p_1mo": 0.033839,
"day_of_week_relevance": 0.033320,
"interactions_u_s_1w": 0.032899,
"interactions_u_s_1y": 0.032040,
"interactions_u_p_3mo": 0.031873,
"cat_embed_14": 0.031507,
"interactions_u_p_source_3mo": 0.029226,
"relative_diversity": 0.028085,
"user_store_purchase_cross": 0.027629,
"ctr_u_p_source_1mo": 0.026852,
"days_since_interaction_u_p": 0.025218,
"interactions_u_c_1w": 0.024993,
"days_since_interaction_u_s": 0.023795,
"purchases_u_p_3mo": 0.023387,
"purchases_u_s_1w": 0.023257,
"purchases_view_ratio_u_p_source_1mo": 0.022958,
"interactions_u_c_3mo": 0.022696,
"ctr_u_c_source_6mo": 0.022022,
"clicks_u_s_6mo": 0.021993,
"interactions_u_c_1mo": 0.020968,
"ctr_u_c_3mo": 0.020924,
"interactions_u_s_1mo": 0.020584,
"purchases_view_ratio_u_p_3mo": 0.020511,
"store_total_views": 0.018211,
"purchases_u_p_source_1y": 0.018140,
"views_u_c_1mo": 0.018057,
"purchases_view_ratio_u_c_1mo": 0.017947,
"interactions_u_c_source_1mo": 0.017212,
"ctr_u_c_1w": 0.014655,
"views_u_p_3mo": 0.014272,
"count_purchase_u_s": 0.014151,
"ctr_u_s_1mo": 0.014021,
"views_u_s_3mo": 0.013767,
"clicks_u_s_1mo": 0.013689,
"most_common_purchase_day": 0.012906,
"purchases_u_s_1mo": 0.012879,
"purchases_u_p_1w": 0.012499,
"clicks_u_c_3mo": 0.012381,
"interactions_u_c_source_3mo": 0.011864,
"ctr_u_p_6mo": 0.011641,
"clicks_u_c_1y": 0.010992,
"ctr_u_c_source_1mo": 0.010009,
"interactions_u_c_source_1w": 0.009651,
"views_u_p_6mo": 0.009390,
"purchases_u_c_source_3mo": 0.008428,
"purchases_u_p_source_1w": 0.007409,
"ctr_u_p_1mo": 0.006560,
"purchases_u_c_1mo": 0.006532,
"clicks_u_p_1y": 0.006223,
"views_u_c_source_1w": 0.005712,
"ctr_u_p_1y": 0.004946,
"ctr_u_p_3mo": 0.004744,
"clicks_u_c_1mo": 0.004422,
"purchases_view_ratio_u_c_source_1mo": 0.003626,
"ctr_u_p_source_3mo": 0.002953,
"interactions_u_p_source_1w": 0.002664,
"purchases_u_p_source_3mo": 0.002245,
"purchases_u_p_source_1mo": 0.001432,
"clicks_u_c_1w": 0.000000,
"ctr_u_p_1w": 0.000000,
"clicks_u_p_1w": 0.000000,
"random_noise": 0.000000,
"clicks_u_c_source_3mo": 0.000000,
"purchases_u_s_3mo": 0.000000,
"interactions_u_p_source_6mo": 0.000000,
"cluster_purchase_ratio": 0.000000,
"purchases_u_c_1y": 0.000000,
"clicks_u_p_source_1y": 0.000000,
"clicks_u_p_source_1w": 0.000000,
"ctr_u_c_source_1w": 0.000000,
"clicks_u_c_6mo": 0.000000,
"month_cos_v2": 0.000000,
"ctr_u_p_source_1w": 0.000000,
"ctr_u_c_source_1y": 0.000000,
"is_russian_holiday": 0.000000,
"views_u_p_source_1w": 0.000000,
"interactions_u_p_1mo": 0.000000,
"views_u_s_1y": 0.000000,
"purchases_u_c_source_1mo": 0.000000,
"purchases_u_c_source_6mo": 0.000000,
"purchases_u_c_1w": 0.000000,
"interactions_u_c_source_6mo": 0.000000,
"city_total_views": 0.000000,
"day_of_week_cos_v2": 0.000000,
"clicks_u_p_1mo": 0.000000,
"cat_day_of_week_relevance": 0.000000,
"clicks_u_p_3mo": 0.000000,
"purchases_view_ratio_u_c_source_1w": 0.000000,
"month_sin_v2": 0.000000,
"clicks_u_c_source_6mo": 0.000000,
"purchases_u_c_source_1w": 0.000000,
"clicks_u_s_1w": 0.000000,
"clicks_u_p_source_1mo": 0.000000,
"views_u_p_1w": 0.000000,
"interactions_u_s_3mo": 0.000000,
"clicks_u_p_source_6mo": 0.000000,
"is_weekend_v2": 0.000000,
"interactions_u_p_1w": 0.000000,
"purchases_view_ratio_u_s_1mo": 0.000000,
"purchases_u_p_source_6mo": 0.000000,
"clicks_u_c_source_1mo": 0.000000,
"count_purchase_u_c": 0.000000,
"clicks_u_c_source_1y": 0.000000,
"user_segment": 0.000000,