{
    "experiment_name": "recommender_20250412_233232_55ce4d",
    "timestamp": "2025-04-12 23:37:23",
    "name": "recommender_20250412_233232_55ce4d",
    "feature_names": [
        "count_purchase_user_product",
        "ctr_product",
        "user_stats",
        "product_stats",
        "store_stats",
        "recency_user_store",
        "product_embeddings",
        "count_purchase_user_product",
        "count_purchase_user_store",
        "ctr_product",
        "recency_user_product",
        "user_stats",
        "product_stats",
        "store_stats",
        "city_stats"
    ],
    "model_type": "catboost",
    "metrics": {
        "auc": 0.7319300006640501,
        "logloss": 0.12873562756924514
    },
    "feature_importance": {
        "user_total_views": 4.387448493584189,
        "days_since_interaction_u_p": 1.102798347043474,
        "product_embed_6": 0.16453622586627448,
        "product_total_interactions_right": 1.1461747284672594,
        "store_total_views_right": 1.0341472225273145,
        "product_embed_4": 0.5925454646652527,
        "store_total_purchases": 1.6596255229651167,
        "product_embed_0": 1.1418459364743316,
        "product_embed_18": 0.044043267039906506,
        "days_since_interaction_u_s": 1.3187211526919722,
        "ctr_product": 0.42440576410870606,
        "user_total_interactions": 1.9439294411610506,
        "store_total_views": 0.9504300466304987,
        "product_unique_users": 0.54953738257656,
        "product_embed_1": 0.6254828453897414,
        "product_embed_12": 0.24675753661765928,
        "user_total_purchases_right": 3.8090746863168485,
        "count_purchase_u_p": 12.628497060359647,
        "product_embed_8": 0.10004122072969383,
        "product_embed_3": 1.5926044079708568,
        "city_total_purchases": 0.4693696080771572,
        "product_embed_5": 0.39511365698505274,
        "store_total_interactions": 0.46513173859758317,
        "product_embed_14": 0.23589851240071583,
        "last_interaction_u_p": 2.4666183347498247,
        "city_total_views": 0.39996021447467295,
        "city_purchase_view_ratio": 0.3506879892522152,
        "last_interaction_u_s": 0.6446131086780035,
        "product_total_purchases_right": 6.631229838743532,
        "user_unique_products_right": 0.6949979912687599,
        "store_total_purchases_right": 1.4252063199727092,
        "product_unique_users_right": 0.5094569022351019,
        "product_embed_19": 0.22374777225485903,
        "product_total_interactions": 1.3591985624261929,
        "ctr_product_right": 0.3328005122192718,
        "store_unique_products": 1.0135711321089462,
        "user_total_views_right": 2.369494993199784,
        "city_purchase_interaction_ratio": 0.16554864366651714,
        "product_total_views_right": 2.457468152161607,
        "product_embed_2": 0.44905747538919305,
        "product_embed_9": 0.257418280403152,
        "product_embed_16": 0.8853590524031574,
        "product_embed_17": 0.3159965935395653,
        "user_unique_products": 2.198214946817829,
        "product_embed_7": 0.5690979690061342,
        "product_total_views": 2.324791125379693,
        "count_purchase_u_s": 3.326956452884419,
        "user_total_purchases": 3.455623743808584,
        "city_unique_stores": 0.39803543037760136,
        "product_total_purchases": 8.452592994177309,
        "store_unique_products_right": 1.194676680147484,
        "product_embed_11": 0.402135540754929,
        "product_embed_13": 0.3226942758210522,
        "count_purchase_u_p_right": 12.273378472722879,
        "city_total_interactions": 0.4517100019264697,
        "city_name": 0.0,
        "user_total_interactions_right": 2.1040761839432793,
        "store_total_interactions_right": 1.0854211834552565,
        "product_embed_15": 0.3694278706742583,
        "product_embed_10": 1.0905749897088735
    },
    "runtime": 288.43173718452454
}