{
    "experiment_name": "recommender_20250412_232220_dccd44",
    "timestamp": "2025-04-12 23:24:14",
    "name": "recommender_20250412_232220_dccd44",
    "feature_names": [
        "count_purchase_user_product",
        "ctr_product",
        "user_stats",
        "product_stats",
        "store_stats",
        "recency_user_store",
        "time_features",
        "time_window_user_product",
        "session_features",
        "product_popularity_trend",
        "cross_features",
        "user_segments",
        "count_purchase_user_product",
        "count_purchase_user_store",
        "ctr_product",
        "recency_user_product",
        "user_stats",
        "product_stats",
        "store_stats",
        "city_stats"
    ],
    "model_type": "catboost",
    "metrics": {
        "auc": 0.7307120422563427,
        "logloss": 0.1285314803847911
    },
    "feature_importance": {
        "user_total_views": 2.07400798297884,
        "session_length": 1.27989180543777,
        "days_since_interaction_u_p": 0.16640851415389077,
        "product_total_interactions_right": 1.1755912038892795,
        "month": 0.0,
        "store_total_views_right": 0.8523521063711973,
        "store_total_purchases": 1.162306307807054,
        "interactions_day_u_p": 0.02647195110891135,
        "city_unique_stores_right": 0.0,
        "city_purchase_interaction_ratio_right": 0.1443801995190533,
        "days_since_interaction_u_s": 0.6156634667763585,
        "ctr_product": 0.20076926136749518,
        "user_total_interactions": 2.1316505971166255,
        "city_purchase_view_ratio_right": 0.019941250004238,
        "store_total_views": 1.1521498056643709,
        "product_unique_users": 0.5433260475152355,
        "user_store_purchase_cross": 0.8949813279046012,
        "user_total_purchases_right": 1.3414699690157263,
        "views_week_u_p": 0.4234297224642995,
        "city_total_views_right": 0.0,
        "count_purchase_u_p": 15.225126760294998,
        "city_total_purchases": 0.0,
        "is_weekend": 0.0,
        "interaction_trend": 0.3934698804709673,
        "interactions_month_u_p": 0.4070873695174886,
        "city_total_purchases_right": 0.0,
        "store_total_interactions": 0.02108382741174469,
        "day_of_week": 0.0,
        "city_total_views": 0.49657409175604134,
        "last_interaction_u_p": 0.5387091037788688,
        "purchases_week_u_p": 1.6574836212950796,
        "user_segment": 0.0,
        "purchases_month_u_p": 5.0326675771439255,
        "city_purchase_view_ratio": 0.09023167552545866,
        "last_interaction_u_s": 0.8860426322887957,
        "product_total_purchases_right": 7.189962985191425,
        "user_unique_products_right": 1.9696791008776402,
        "store_total_purchases_right": 0.5157022293943367,
        "product_unique_users_right": 0.2879831677597981,
        "views_day_u_p": 0.10814424409811961,
        "session_unique_products": 1.0895499368181207,
        "interactions_week_u_p": 0.2669500125187336,
        "product_total_interactions": 1.8771847747465296,
        "ctr_product_right": 0.2938576658645628,
        "store_unique_products": 0.5446856046066736,
        "session_purchases": 2.958129357316733,
        "user_total_views_right": 3.993438151779949,
        "hour_of_day": 0.0,
        "city_purchase_interaction_ratio": 0.1094702858995336,
        "product_total_views_right": 2.517567856017893,
        "purchase_trend": 0.1618980499727931,
        "user_product_store_cross": 4.111725504720546,
        "user_unique_products": 0.5423687026697847,
        "count_purchase_u_s": 2.089241855290823,
        "product_total_views": 3.4559114084733715,
        "user_total_purchases": 1.5819550486194542,
        "city_unique_stores": 0.040596897054550884,
        "product_total_purchases": 6.710362671966743,
        "store_unique_products_right": 0.2283648129376528,
        "purchases_day_u_p": 0.02697151135454858,
        "count_purchase_u_p_right": 11.06337156288681,
        "city_total_interactions": 0.12497953471826125,
        "city_total_interactions_right": 0.0,
        "city_name": 0.0,
        "session_duration_seconds": 0.19936703244969028,
        "session_unique_stores": 0.08606928254742376,
        "user_product_purchase_cross": 2.996181512412968,
        "user_total_interactions_right": 1.3947713361699827,
        "store_total_interactions_right": 0.13390993555938147,
        "views_month_u_p": 2.376379908726874
    },
    "runtime": 112.42070865631104
}