{
    "experiment_name": "recommender_20250412_231258_ae5fd2",
    "timestamp": "2025-04-12 23:15:21",
    "name": "recommender_20250412_231258_ae5fd2",
    "feature_names": [
        "count_purchase_user_product",
        "ctr_product",
        "user_stats",
        "product_stats",
        "store_stats",
        "recency_user_store",
        "time_features",
        "time_window_user_product",
        "session_features",
        "cross_features",
        "user_segments",
        "count_purchase_user_product",
        "count_purchase_user_store",
        "ctr_product",
        "recency_user_product",
        "user_stats",
        "product_stats",
        "store_stats",
        "city_stats"
    ],
    "model_type": "catboost",
    "metrics": {
        "auc": 0.7320697763132571,
        "logloss": 0.12823805624092924
    },
    "feature_importance": {
        "user_total_views": 2.6022624717531593,
        "session_length": 2.0466499517557466,
        "days_since_interaction_u_p": 0.32390286655363654,
        "product_total_interactions_right": 1.0370578568020818,
        "month": 0.0,
        "store_total_views_right": 0.46826550387769095,
        "store_total_purchases": 1.0728210688868063,
        "interactions_day_u_p": 0.132567408008058,
        "city_unique_stores_right": 0.3653313649421638,
        "city_purchase_interaction_ratio_right": 0.05204392026572556,
        "days_since_interaction_u_s": 0.7625018972879078,
        "ctr_product": 0.7190350903116995,
        "user_total_interactions": 2.476759597015717,
        "city_purchase_view_ratio_right": 0.48673487740560023,
        "store_total_views": 0.8045691111162444,
        "product_unique_users": 0.15305877873803536,
        "user_store_purchase_cross": 1.8208156375692333,
        "user_total_purchases_right": 2.261413851224502,
        "views_week_u_p": 0.5129129241898093,
        "city_total_views_right": 0.0,
        "count_purchase_u_p": 13.786276416018728,
        "city_total_purchases": 0.10041858572490532,
        "is_weekend": 0.0,
        "city_total_purchases_right": 0.18923554016897698,
        "interactions_month_u_p": 0.596869176784934,
        "store_total_interactions": 0.9387395729471333,
        "day_of_week": 0.0,
        "city_total_views": 0.1046224272990058,
        "last_interaction_u_p": 0.6556593257108086,
        "purchases_week_u_p": 0.7924760158775757,
        "user_segment": 0.0,
        "purchases_month_u_p": 5.199905582932531,
        "city_purchase_view_ratio": 0.3641103018174806,
        "last_interaction_u_s": 1.4877160070120194,
        "product_total_purchases_right": 6.810081765355213,
        "user_unique_products_right": 0.7784189672119941,
        "store_total_purchases_right": 0.8842893205027069,
        "product_unique_users_right": 0.3744835371775329,
        "views_day_u_p": 0.29227089208527746,
        "session_unique_products": 1.2721525716262734,
        "interactions_week_u_p": 0.19408112956895038,
        "product_total_interactions": 1.8244446841336754,
        "ctr_product_right": 0.2668240038070642,
        "store_unique_products": 1.1451986406464658,
        "session_purchases": 3.167598188478427,
        "user_total_views_right": 3.1174373817664307,
        "hour_of_day": 0.10561809291207935,
        "city_purchase_interaction_ratio": 0.03005170365135325,
        "product_total_views_right": 3.1033128011909543,
        "user_product_store_cross": 2.2897024509970993,
        "user_unique_products": 1.0624007685127477,
        "count_purchase_u_s": 2.20656241610943,
        "product_total_views": 2.58429947931957,
        "user_total_purchases": 2.2365075345851237,
        "city_unique_stores": 0.18051380556927332,
        "product_total_purchases": 6.206941979167752,
        "store_unique_products_right": 1.0978503808175524,
        "purchases_day_u_p": 0.09690663208010407,
        "count_purchase_u_p_right": 6.652720693866828,
        "city_total_interactions": 0.2866264217586164,
        "city_total_interactions_right": 0.37034797170789174,
        "city_name": 0.0,
        "session_duration_seconds": 0.38725724599301725,
        "session_unique_stores": 0.03590655545968775,
        "user_product_purchase_cross": 2.9419076080856836,
        "user_total_interactions_right": 3.0827067304644835,
        "store_total_interactions_right": 0.46784246162725124,
        "views_month_u_p": 2.1320020537655346
    },
    "runtime": 142.40189599990845
}