{
    "experiment_name": "recommender_20250412_213427_dba6ec",
    "timestamp": "2025-04-12 21:38:26",
    "name": "recommender_20250412_213427_dba6ec",
    "feature_names": [
        "count_purchase_user_product",
        "ctr_product",
        "user_stats",
        "product_stats",
        "store_stats",
        "count_purchase_user_product",
        "count_purchase_user_store",
        "ctr_product",
        "recency_user_product",
        "user_stats",
        "product_stats",
        "store_stats",
        "city_stats"
    ],
    "model_type": "catboost",
    "metrics": {
        "auc": 0.7285105908590914,
        "logloss": 0.12919537460526803
    },
    "feature_importance": {
        "user_total_views": 4.684940824402584,
        "user_total_purchases_right": 4.192095356482342,
        "count_purchase_u_p": 8.888020175523847,
        "user_unique_products_right": 1.104878043120514,
        "product_unique_users_right": 0.7784125515759771,
        "user_total_interactions": 2.247267493717012,
        "store_total_views_right": 0.5565531369975529,
        "product_total_views_right": 3.2416372811732583,
        "city_name": 0.26370296532639087,
        "store_unique_products": 1.1425667858257784,
        "user_total_purchases": 6.145303879934467,
        "product_total_views": 2.586620264751598,
        "product_unique_users": 0.687059692415541,
        "user_total_interactions_right": 2.6026175503264315,
        "last_interaction_u_p": 1.7792199757142986,
        "store_total_interactions_right": 0.6420676216144566,
        "city_total_purchases": 0.6586079062972491,
        "city_purchase_view_ratio": 0.8048579442387078,
        "city_unique_stores": 0.32801660441693425,
        "city_total_interactions": 0.3367718071679254,
        "ctr_product": 0.55325497466728,
        "days_since_interaction_u_p": 0.4279415834130092,
        "user_total_views_right": 5.383130884511977,
        "store_total_purchases": 1.31583358233113,
        "store_total_interactions": 0.9338596304666622,
        "user_unique_products": 1.3621241702353653,
        "store_unique_products_right": 1.074503263483001,
        "product_total_purchases_right": 6.984890186426388,
        "store_total_views": 1.1852653505198227,
        "product_total_purchases": 9.171334201740349,
        "store_total_purchases_right": 2.1652443207538115,
        "product_total_interactions": 2.017326641184314,
        "city_purchase_interaction_ratio": 0.5134133651476115,
        "product_total_interactions_right": 1.8768211219770266,
        "count_purchase_u_s": 3.2125121999213015,
        "ctr_product_right": 0.5162297275486003,
        "count_purchase_u_p_right": 17.127422776309928,
        "city_total_views": 0.5076741583395226
    },
    "runtime": 179.3067708015442
}