{
    "experiment_name": "recommender_20250412_232422_9ec71e",
    "timestamp": "2025-04-12 23:27:37",
    "name": "recommender_20250412_232422_9ec71e",
    "feature_names": [
        "count_purchase_user_product",
        "ctr_product",
        "user_stats",
        "product_stats",
        "store_stats",
        "recency_user_store",
        "time_features",
        "time_window_user_product",
        "session_features",
        "frequency_features",
        "product_popularity_trend",
        "cross_features",
        "user_segments",
        "count_purchase_user_product",
        "count_purchase_user_store",
        "ctr_product",
        "recency_user_product",
        "user_stats",
        "product_stats",
        "store_stats",
        "city_stats"
    ],
    "model_type": "catboost",
    "metrics": {
        "auc": 0.7355136520346217,
        "logloss": 0.12800882401530772
    },
    "feature_importance": {
        "user_total_views": 2.760891856927407,
        "session_length": 1.8603566469505763,
        "days_since_interaction_u_p": 0.4591489995343911,
        "product_total_interactions_right": 1.5782659081170674,
        "month": 0.0,
        "store_total_views_right": 0.2165232939064726,
        "store_total_purchases": 0.8993616715683647,
        "interactions_day_u_p": 0.19088575634212357,
        "city_unique_stores_right": 0.523668527430959,
        "city_purchase_interaction_ratio_right": 0.14291997135608342,
        "days_since_interaction_u_s": 0.9274632453895064,
        "ctr_product": 0.4452732593386608,
        "user_total_interactions": 2.8947581931943267,
        "city_purchase_view_ratio_right": 0.1531219355794833,
        "store_total_views": 0.3631391906738087,
        "product_unique_users": 0.6898570337716539,
        "user_store_purchase_cross": 1.8478653277564543,
        "user_total_purchases_right": 1.742269736905666,
        "views_week_u_p": 0.8460512936094973,
        "city_total_views_right": 0.2920146530305092,
        "count_purchase_u_p": 2.3880932248542712,
        "city_total_purchases": 0.5820719696221555,
        "is_weekend": 0.0,
        "interaction_trend": 0.6253302144752653,
        "interactions_month_u_p": 0.5339964945332732,
        "city_total_purchases_right": 0.16452080235159625,
        "store_total_interactions": 0.5856539661525505,
        "day_of_week": 0.0,
        "city_total_views": 0.3603804547542159,
        "last_interaction_u_p": 1.2642212563599953,
        "purchases_week_u_p": 0.9882591119150235,
        "user_segment": 0.0,
        "purchases_month_u_p": 3.857707660872385,
        "mean_interval_days": 10.078547545568457,
        "city_purchase_view_ratio": 0.4796710946828638,
        "last_interaction_u_s": 0.8717224932026344,
        "product_total_purchases_right": 5.748493746509353,
        "user_unique_products_right": 1.8028559499695658,
        "store_total_purchases_right": 1.1303181586392976,
        "product_unique_users_right": 0.8115720154232858,
        "views_day_u_p": 0.13349749605510447,
        "session_unique_products": 1.083508056587075,
        "interactions_week_u_p": 0.207203302042893,
        "product_total_interactions": 1.4736537800528957,
        "ctr_product_right": 0.49750931228140366,
        "store_unique_products": 0.7745037340645801,
        "session_purchases": 2.5231319725031036,
        "user_total_views_right": 2.5707553119704256,
        "hour_of_day": 0.19039222932428312,
        "city_purchase_interaction_ratio": 0.5050993466710464,
        "product_total_views_right": 3.049935537824337,
        "purchase_trend": 0.42727351009469683,
        "user_product_store_cross": 0.3149830582717326,
        "user_unique_products": 1.291295716936172,
        "count_purchase_u_s": 2.101327923749422,
        "product_total_views": 2.7635718153296183,
        "user_total_purchases": 2.821778706611335,
        "city_unique_stores": 0.027862848117971892,
        "product_total_purchases": 7.772213836215574,
        "store_unique_products_right": 0.5197367768220196,
        "purchases_day_u_p": 0.059994138626657374,
        "count_purchase_u_p_right": 9.2990738007828,
        "city_total_interactions": 0.28373481262375194,
        "city_total_interactions_right": 0.09494780955399479,
        "city_name": 0.0,
        "session_duration_seconds": 0.11915850013432916,
        "session_unique_stores": 0.0,
        "user_product_purchase_cross": 3.370766287938502,
        "user_total_interactions_right": 1.651980266580325,
        "store_total_interactions_right": 0.7740794212677164,
        "views_month_u_p": 2.1897780296970253
    },
    "runtime": 192.82092475891113
}