{
    "experiment_name": "recommender_20250413_000419_1cbc16",
    "timestamp": "2025-04-13 03:19:02",
    "name": "recommender_20250413_000419_1cbc16",
    "feature_names": [
        "count_purchase_user_product",
        "ctr_product",
        "user_stats",
        "product_stats",
        "store_stats",
        "recency_user_store",
        "time_features",
        "time_window_user_product",
        "session_features",
        "frequency_features",
        "product_popularity_trend",
        "cross_features",
        "user_segments",
        "product_embeddings",
        "category_embeddings",
        "count_purchase_user_product",
        "count_purchase_user_store",
        "ctr_product",
        "recency_user_product",
        "user_stats",
        "product_stats",
        "store_stats",
        "city_stats"
    ],
    "model_type": "catboost",
    "metrics": {
        "auc": 0.738034101344162,
        "logloss": 0.12781832426152695
    },
    "feature_importance": {
        "city_total_views": 0.19718570889230078,
        "views_month_u_p": 2.1899975494382686,
        "product_embed_7": 0.7178718821224402,
        "product_embed_8": 0.5621912473832117,
        "purchase_trend": 0.2672582145924212,
        "product_total_views_right": 1.6369481155195664,
        "category_embed_11": 0.2819318277185403,
        "user_product_purchase_cross": 1.787154885079071,
        "category_embed_12": 1.5658504536372404,
        "interactions_week_u_p": 0.2022441471104681,
        "user_total_interactions": 1.6698171008473726,
        "product_embed_0": 0.3076567825826142,
        "store_total_interactions": 0.7323735540202374,
        "category_embed_7": 0.6730060231722252,
        "category_embed_17": 1.2203249966177172,
        "category_embed_3": 0.5657007011480332,
        "product_embed_12": 0.34672464189431945,
        "store_total_interactions_right": 0.5778211743516847,
        "city_total_views_right": 0.22091543316177997,
        "category_embed_18": 0.40442535819956105,
        "city_unique_stores_right": 0.221126257063945,
        "session_unique_products": 0.9770932713848379,
        "city_purchase_interaction_ratio": 0.13559192406475296,
        "city_total_purchases": 0.28345863666332904,
        "product_embed_4": 0.283937669871531,
        "product_unique_users_right": 0.5084473633714428,
        "user_total_views": 2.2048480822118495,
        "days_since_interaction_u_s": 0.913993871723611,
        "city_total_interactions": 0.1747062355698818,
        "last_interaction_u_s": 1.0407040332510369,
        "category_embed_13": 0.7177724849704449,
        "user_store_purchase_cross": 1.6901581363876739,
        "store_total_purchases_right": 0.7763168730794572,
        "product_total_views": 1.927872954576744,
        "city_total_interactions_right": 0.22537980187737475,
        "category_embed_9": 0.5395557971334649,
        "ctr_product_right": 0.264141579701978,
        "category_embed_2": 0.37416623481577327,
        "store_total_purchases": 0.9406533536716625,
        "product_embed_10": 0.27526348842763726,
        "product_embed_6": 0.7651150188324725,
        "city_purchase_view_ratio": 0.3971885513778023,
        "city_total_purchases_right": 0.21829271661914978,
        "product_embed_11": 0.11198206607607811,
        "product_embed_13": 0.31968554306203073,
        "store_total_views_right": 0.7499703286132454,
        "user_unique_products": 1.0621840434488696,
        "is_weekend": 0.0,
        "category_embed_14": 0.36934527542828455,
        "city_purchase_interaction_ratio_right": 0.47627690010424806,
        "category_embed_19": 1.104977081604484,
        "user_product_store_cross": 1.4734183192156294,
        "category_embed_10": 0.7317855749276626,
        "user_total_views_right": 1.6895572522067892,
        "user_total_interactions_right": 2.523193725110703,
        "product_embed_2": 0.36638378146887474,
        "session_length": 1.5907263146647457,
        "product_embed_3": 0.4651467982195344,
        "product_embed_14": 0.31215880856978395,
        "product_embed_19": 0.23711746826756108,
        "category_embed_6": 0.37722125208446106,
        "count_purchase_u_s": 2.23168956255131,
        "category_embed_15": 0.539252978956145,
        "product_total_interactions_right": 1.3361680367007345,
        "interactions_month_u_p": 0.4927625941294458,
        "user_segment": 0.014254012856671543,
        "ctr_product": 0.2903194163449623,
        "product_total_purchases_right": 3.805128265259666,
        "product_total_purchases": 5.002456516550567,
        "category_embed_1": 0.37518497680301705,
        "category_embed_8": 0.40639205070973056,
        "session_unique_stores": 0.09622155300256219,
        "interactions_day_u_p": 0.1216900982668967,
        "product_embed_18": 0.2244779270323592,
        "category_embed_4": 0.6597828196742768,
        "store_unique_products_right": 0.7360870025448581,
        "user_total_purchases_right": 1.4196210308917039,
        "interaction_trend": 0.16382798120058992,
        "category_embed_5": 0.5405774062804751,
        "category_embed_16": 0.31605008938257273,
        "day_of_week": 0.0,
        "hour_of_day": 0.03325195433430259,
        "purchases_day_u_p": 0.044201211445420205,
        "purchases_month_u_p": 2.85254383791727,
        "category_embed_0": 0.77942433279898,
        "city_unique_stores": 0.26170432746564276,
        "product_embed_1": 0.7344790501188739,
        "views_week_u_p": 0.6306223815091073,
        "product_unique_users": 0.5605938873813404,
        "session_purchases": 2.4286032791569405,
        "session_duration_seconds": 0.5708717753334535,
        "user_total_purchases": 2.261302856082391,
        "count_purchase_u_p_right": 3.7318914678397097,
        "days_since_interaction_u_p": 0.3561102176473325,
        "last_interaction_u_p": 0.9301797901188061,
        "product_embed_16": 0.28246844362498424,
        "product_total_interactions": 1.3708780481399374,
        "user_unique_products_right": 1.205322188453036,
        "month": 0.0,
        "views_day_u_p": 0.07745574997610664,
        "mean_interval_days": 8.558055684503723,
        "product_embed_15": 0.3295964106652355,
        "purchases_week_u_p": 1.0516334470306457,
        "product_embed_9": 0.164322339337719,
        "store_total_views": 0.4738293010035026,
        "city_name": 0.20597798518121346,
        "product_embed_17": 0.17883610610648107,
        "store_unique_products": 0.6037194597315665,
        "product_embed_5": 0.4298524919753187,
        "city_purchase_view_ratio_right": 0.29737570317860085,
        "count_purchase_u_p": 3.878637285593843
    },
    "best_params": {
        "learning_rate": 0.01893158513235466,
        "depth": 8,
        "l2_leaf_reg": 2.6583600490113417,
        "iterations": 829
    },
    "runtime": 11682.725389957428
}