{
    "experiment_name": "recommender_20250412_225236_f41cb6",
    "timestamp": "2025-04-12 22:54:19",
    "name": "recommender_20250412_225236_f41cb6",
    "feature_names": [
        "count_purchase_user_product",
        "ctr_product",
        "user_stats",
        "product_stats",
        "store_stats",
        "recency_user_store",
        "time_features",
        "time_window_user_product",
        "count_purchase_user_product",
        "count_purchase_user_store",
        "ctr_product",
        "recency_user_product",
        "user_stats",
        "product_stats",
        "store_stats",
        "city_stats"
    ],
    "model_type": "catboost",
    "metrics": {
        "auc": 0.7318087664527811,
        "logloss": 0.12831806650239436
    },
    "feature_importance": {
        "store_total_views": 0.46987877959120056,
        "views_month_u_p": 2.3604194764598785,
        "user_total_purchases_right": 5.382756009873735,
        "store_unique_products": 0.8594177924132848,
        "city_name": 0.0,
        "store_total_purchases": 1.1282939438736919,
        "views_day_u_p": 0.08365784630173227,
        "purchases_day_u_p": 0.04999346273312976,
        "ctr_product": 0.4428726901832507,
        "city_unique_stores": 0.691327754457012,
        "store_total_purchases_right": 2.3356455021363134,
        "store_total_interactions_right": 0.5180790610944943,
        "day_of_week": 0.0,
        "user_unique_products_right": 2.170184871340561,
        "product_total_views_right": 2.9034268483916597,
        "city_total_views": 0.48090214070964826,
        "user_total_interactions": 2.507076093799724,
        "product_total_views": 2.958217371906316,
        "product_total_purchases_right": 9.819950427830069,
        "month": 0.0,
        "user_total_interactions_right": 2.2507589664445913,
        "city_total_purchases": 0.07260411819123515,
        "last_interaction_u_s": 0.830340509230844,
        "count_purchase_u_p": 12.417017246469111,
        "count_purchase_u_s": 4.219971035633486,
        "city_total_interactions": 0.7928217458554259,
        "product_total_interactions": 2.18270637188402,
        "count_purchase_u_p_right": 7.918119148369634,
        "user_total_views": 2.9948018458803745,
        "city_purchase_view_ratio": 0.3686181539238423,
        "hour_of_day": 0.0,
        "product_unique_users": 0.4817669722385631,
        "is_weekend": 0.0,
        "user_total_views_right": 3.7048701725965634,
        "interactions_month_u_p": 1.4223909367820162,
        "product_total_interactions_right": 1.448688751218748,
        "product_unique_users_right": 0.4978598942527205,
        "ctr_product_right": 0.4482939741652777,
        "interactions_day_u_p": 0.0713145107325897,
        "store_total_interactions": 0.5815615923392394,
        "purchases_week_u_p": 0.6847839096812259,
        "store_unique_products_right": 0.9447780142109029,
        "days_since_interaction_u_s": 1.473271855251899,
        "views_week_u_p": 0.8645286079868196,
        "city_purchase_interaction_ratio": 0.4272737909334953,
        "last_interaction_u_p": 0.9958083366653493,
        "days_since_interaction_u_p": 0.2893618845030671,
        "user_total_purchases": 2.635358429594787,
        "user_unique_products": 0.40244778956022687,
        "interactions_week_u_p": 0.3305885006461663,
        "purchases_month_u_p": 5.319759024360666,
        "product_total_purchases": 7.11805081421762,
        "store_total_views_right": 0.647383023083798
    },
    "runtime": 101.24855089187622
}