{
    "experiment_name": "recommender_20250412_225805_594eae",
    "timestamp": "2025-04-12 23:00:34",
    "name": "recommender_20250412_225805_594eae",
    "feature_names": [
        "count_purchase_user_product",
        "ctr_product",
        "user_stats",
        "product_stats",
        "store_stats",
        "recency_user_store",
        "time_features",
        "time_window_user_product",
        "session_features",
        "count_purchase_user_product",
        "count_purchase_user_store",
        "ctr_product",
        "recency_user_product",
        "user_stats",
        "product_stats",
        "store_stats",
        "city_stats"
    ],
    "model_type": "catboost",
    "metrics": {
        "auc": 0.73070216648804,
        "logloss": 0.12845430851007858
    },
    "feature_importance": {
        "city_total_purchases": 0.1821460605381416,
        "city_total_views": 0.20843363490612085,
        "count_purchase_u_p": 7.687363009394391,
        "store_total_purchases_right": 1.5027284914581165,
        "days_since_interaction_u_p": 0.5877174487076534,
        "store_total_interactions": 0.6800380790429703,
        "hour_of_day": 0.0,
        "product_total_interactions_right": 1.1568438603149587,
        "session_unique_stores": 0.05506296170966795,
        "count_purchase_u_p_right": 12.31684854325883,
        "user_total_interactions": 2.65741518731019,
        "user_total_purchases": 3.586635557197894,
        "views_day_u_p": 0.1396413216766721,
        "day_of_week": 0.0,
        "store_total_views": 0.31062090495088496,
        "interactions_week_u_p": 0.2090652923888241,
        "user_total_interactions_right": 2.3437721862311545,
        "session_unique_products": 1.6331037925224994,
        "store_unique_products_right": 0.9465932704419862,
        "city_unique_stores": 0.8857852935490242,
        "product_unique_users": 0.7869414965681909,
        "user_unique_products": 1.3662757629106919,
        "store_total_views_right": 0.6797401509578438,
        "views_week_u_p": 0.8033565311651588,
        "session_length": 1.6087855060627196,
        "user_total_purchases_right": 2.348607563309657,
        "product_total_purchases_right": 7.388576621130816,
        "store_unique_products": 0.8470769892728928,
        "user_total_views_right": 3.02265321993223,
        "user_unique_products_right": 0.5735577004430765,
        "ctr_product_right": 0.6318645415932612,
        "city_name": 0.0,
        "product_total_purchases": 8.72142332806797,
        "interactions_month_u_p": 0.5328136438550136,
        "month": 0.0,
        "last_interaction_u_p": 1.2860418176121164,
        "user_total_views": 2.972681428904491,
        "product_unique_users_right": 0.42005834475978604,
        "session_purchases": 2.95774612421713,
        "count_purchase_u_s": 3.8885479564987726,
        "city_purchase_interaction_ratio": 0.7215748580678918,
        "last_interaction_u_s": 1.4854865698943822,
        "purchases_day_u_p": 0.13015229952432458,
        "views_month_u_p": 2.2547644970957688,
        "product_total_views_right": 3.244303873332361,
        "ctr_product": 0.3054079870849217,
        "interactions_day_u_p": 0.25238625158400735,
        "product_total_interactions": 1.9714283503106396,
        "product_total_views": 2.2231392336836473,
        "city_purchase_view_ratio": 0.6371516999788762,
        "purchases_month_u_p": 3.3432449303181704,
        "session_duration_seconds": 0.8940571104542308,
        "store_total_purchases": 1.4194401998204764,
        "city_total_interactions": 0.31064625510100735,
        "days_since_interaction_u_s": 0.9486823611214933,
        "is_weekend": 0.0,
        "store_total_interactions_right": 0.7402664203528763,
        "purchases_week_u_p": 1.191303479413123
    },
    "runtime": 146.87017917633057
}